{"Degree":342.6207580566406,"TrackerOriginOffset":{"x":0.8827584981918335,"y":0.2693248987197876,"z":0.5526185035705566}}