{"Degree":309.44818115234377,"TrackerOriginOffset":{"x":1.6691575050354005,"y":2.0194010734558107,"z":1.3210219144821168}}