{"Degree":111.48347473144531,"TrackerOriginOffset":{"x":-0.9929325580596924,"y":0.6914026737213135,"z":0.25827786326408389},"IrlObjectWithTrackerPosition":{"x":0.0,"y":0.0,"z":0.0},"IrlObjectWithTrackerRotation":{"x":0.0,"y":0.0,"z":0.0,"w":0.0}}