{"Degree":0.0,"TrackerOriginOffset":{"x":-0.04186820983886719,"y":0.5260758399963379,"z":2.146045207977295},"IrlObjectWithTrackerPosition":{"x":0.0,"y":0.0,"z":0.0},"IrlObjectWithTrackerRotation":{"x":0.0,"y":0.0,"z":0.0,"w":0.0}}